"FullName","Length","Lines"
"D:\Workspace\solo-project-lifecycle\.gitignore","1386","55"
"D:\Workspace\solo-project-lifecycle\LICENSE","1068","17"
"D:\Workspace\solo-project-lifecycle\README.md","2924","71"
"D:\Workspace\solo-project-lifecycle\SKILL.md","28829","216"
"D:\Workspace\solo-project-lifecycle\.git\COMMIT_EDITMSG","1374","23"
"D:\Workspace\solo-project-lifecycle\.git\config","334","11"
"D:\Workspace\solo-project-lifecycle\.git\description","73","1"
"D:\Workspace\solo-project-lifecycle\.git\FETCH_HEAD","113","1"
"D:\Workspace\solo-project-lifecycle\.git\HEAD","21","1"
"D:\Workspace\solo-project-lifecycle\.git\index","17594","84"
"D:\Workspace\solo-project-lifecycle\.git\opencode","40","1"
"D:\Workspace\solo-project-lifecycle\.git\hooks\applypatch-msg.sample","478","14"
"D:\Workspace\solo-project-lifecycle\.git\hooks\commit-msg.sample","896","21"
"D:\Workspace\solo-project-lifecycle\.git\hooks\fsmonitor-watchman.sample","4726","143"
"D:\Workspace\solo-project-lifecycle\.git\hooks\post-update.sample","189","7"
"D:\Workspace\solo-project-lifecycle\.git\hooks\pre-applypatch.sample","424","13"
"D:\Workspace\solo-project-lifecycle\.git\hooks\pre-commit.sample","1649","40"
"D:\Workspace\solo-project-lifecycle\.git\hooks\pre-merge-commit.sample","416","12"
"D:\Workspace\solo-project-lifecycle\.git\hooks\pre-push.sample","1374","47"
"D:\Workspace\solo-project-lifecycle\.git\hooks\pre-rebase.sample","4898","138"
"D:\Workspace\solo-project-lifecycle\.git\hooks\pre-receive.sample","544","23"
"D:\Workspace\solo-project-lifecycle\.git\hooks\prepare-commit-msg.sample","1492","37"
"D:\Workspace\solo-project-lifecycle\.git\hooks\push-to-checkout.sample","2783","69"
"D:\Workspace\solo-project-lifecycle\.git\hooks\sendemail-validate.sample","2308","68"
"D:\Workspace\solo-project-lifecycle\.git\hooks\update.sample","3650","120"
"D:\Workspace\solo-project-lifecycle\.git\info\exclude","251","7"
"D:\Workspace\solo-project-lifecycle\.git\logs\HEAD","9421","47"
"D:\Workspace\solo-project-lifecycle\.git\logs\refs\heads\backup-before-rewrite","164","1"
"D:\Workspace\solo-project-lifecycle\.git\logs\refs\heads\main","615","3"
"D:\Workspace\solo-project-lifecycle\.git\logs\refs\remotes\origin\main","6426","42"
"D:\Workspace\solo-project-lifecycle\.git\objects\02\5343b42e83e22a82084d8e73a46bdb707b2041","4808","38"
"D:\Workspace\solo-project-lifecycle\.git\objects\03\17d997546fa2c233871fc3c4cd6ab0db99a319","13729","112"
"D:\Workspace\solo-project-lifecycle\.git\objects\03\bf237fde69d18784f64052a28e96d795b0e34a","3791","42"
"D:\Workspace\solo-project-lifecycle\.git\objects\04\33c475af02b3922aaf7075fda5d4b319ca6aec","1129","10"
"D:\Workspace\solo-project-lifecycle\.git\objects\04\6a1481b9eb1d8f5296f746294f7721fe25ff7d","939","10"
"D:\Workspace\solo-project-lifecycle\.git\objects\04\dc808e702f2d27036091ed692ac663084fc919","423","5"
"D:\Workspace\solo-project-lifecycle\.git\objects\05\b4f24510742b5401511387a01093fc91b609da","106","3"
"D:\Workspace\solo-project-lifecycle\.git\objects\06\3704c4361c388ee641e7c3f95b4c91c85cb23c","8329","64"
"D:\Workspace\solo-project-lifecycle\.git\objects\06\96425690683a67692af75548289da4ec6789e6","828","11"
"D:\Workspace\solo-project-lifecycle\.git\objects\07\03bc708615397491d937c7756028e871db9983","4719","30"
"D:\Workspace\solo-project-lifecycle\.git\objects\07\ec792e6745b5f311464313368cc5fc02f87d9b","1441","13"
"D:\Workspace\solo-project-lifecycle\.git\objects\08\079cb9804aa1309ec4565a9e033e8df1f37a43","736","11"
"D:\Workspace\solo-project-lifecycle\.git\objects\09\76e2b4112848526324f4bb73bdca58a070e02b","4466","31"
"D:\Workspace\solo-project-lifecycle\.git\objects\09\a6b56570ed3839a75b7efdded7fea71a40abd8","1464","13"
"D:\Workspace\solo-project-lifecycle\.git\objects\09\da56789d255405895ce8e4e72c98b7dd084357","1532","15"
"D:\Workspace\solo-project-lifecycle\.git\objects\0a\99f062c393576da1ea934b6ff6e5f54a6b631b","2208","17"
"D:\Workspace\solo-project-lifecycle\.git\objects\0a\b157bdc5933391e96bf45c25fb9aaa3233fa5a","1711","16"
"D:\Workspace\solo-project-lifecycle\.git\objects\0b\18fc4200e76b940e9caff0c93a362e45614629","526","6"
"D:\Workspace\solo-project-lifecycle\.git\objects\0b\78b601e248bf5c3fde918ec7cb61a3e1823366","399","1"
"D:\Workspace\solo-project-lifecycle\.git\objects\0b\b1f50e78bd284d801cbfca8e5b184bae15b591","240","5"
"D:\Workspace\solo-project-lifecycle\.git\objects\0b\ea40857046273a8aadbef6cb2e7c2397a9c3a1","4044","21"
"D:\Workspace\solo-project-lifecycle\.git\objects\0c\5ae01550dbc5c1ca8db20ba025786f886269db","3954","38"
"D:\Workspace\solo-project-lifecycle\.git\objects\0d\abbbd4293c251e36e9b4b857346def7c04c288","4970","41"
"D:\Workspace\solo-project-lifecycle\.git\objects\0d\c404f09f8de380119c2c2127ffd485f3547f15","2853","23"
"D:\Workspace\solo-project-lifecycle\.git\objects\0f\3a8e1b3afe25d6f747c2bfd1a62778a256088e","210","5"
"D:\Workspace\solo-project-lifecycle\.git\objects\0f\6aa581677bfbfe8f91068655406e3f285e7720","1285","10"
"D:\Workspace\solo-project-lifecycle\.git\objects\0f\7127a6103617a3e9fb1e0cc839fde90c484c44","8605","71"
"D:\Workspace\solo-project-lifecycle\.git\objects\0f\71c09c1231f965e190ee0c049a7acbc677fd5a","6156","61"
"D:\Workspace\solo-project-lifecycle\.git\objects\0f\c906b7989b8ce2fd6d4a030e6300985198a72a","12801","91"
"D:\Workspace\solo-project-lifecycle\.git\objects\10\ac10b655016371b8a8c43136ba74ea5a056175","247","2"
"D:\Workspace\solo-project-lifecycle\.git\objects\10\d995d8048bfea8affdddb78d46e3744f66e22a","4284","29"
"D:\Workspace\solo-project-lifecycle\.git\objects\11\a193d1ed8ab91e153e184b8c82a35fc2080b7a","879","5"
"D:\Workspace\solo-project-lifecycle\.git\objects\12\203d53ce5e80496853840f891308d7d275a2c5","207","2"
"D:\Workspace\solo-project-lifecycle\.git\objects\12\ea0cbf67ab871a94d0d3d0807776640533ad17","2280","14"
"D:\Workspace\solo-project-lifecycle\.git\objects\12\f916a45775d16586733d73026cd9896a98c901","653","6"
"D:\Workspace\solo-project-lifecycle\.git\objects\13\fcbe111e37b54bdd23a93cedd735ed33870ef5","254","2"
"D:\Workspace\solo-project-lifecycle\.git\objects\14\bf7e2d381e8bcf1d3e26aaf59b7fb362bdf9c8","4288","42"
"D:\Workspace\solo-project-lifecycle\.git\objects\14\ef77cfc113d4f6048f445d91ca08562226f533","2651","27"
"D:\Workspace\solo-project-lifecycle\.git\objects\15\2d7d3f25c0f6679bb99c805af1217fd83508f8","19316","150"
"D:\Workspace\solo-project-lifecycle\.git\objects\16\e1c3019a36442d24fea8e89964c955d547eec8","467","4"
"D:\Workspace\solo-project-lifecycle\.git\objects\16\f712b8e00d0e3dc802c852fd38767ed0eecd6a","10348","51"
"D:\Workspace\solo-project-lifecycle\.git\objects\18\07c249dc8a751496c207d3b0a1299289ead6ca","6751","53"
"D:\Workspace\solo-project-lifecycle\.git\objects\18\3d208f96a1badb597264baca05bcff65f71bd1","4399","43"
"D:\Workspace\solo-project-lifecycle\.git\objects\18\5e9e0924a923a457b5abba6cfc6f657640622c","827","2"
"D:\Workspace\solo-project-lifecycle\.git\objects\18\df6ffd57c5fd2340e73ca5cce07675caefaa1d","9528","75"
"D:\Workspace\solo-project-lifecycle\.git\objects\19\12ff4459cbb4ac6003eb17878c4e7ee4bfd75b","4439","23"
"D:\Workspace\solo-project-lifecycle\.git\objects\19\15f697ba88463507c94641d87fbb6afa9e5940","2406","22"
"D:\Workspace\solo-project-lifecycle\.git\objects\19\7bb6a128f50301d4b8d63256b020ab8a5e80ac","8401","86"
"D:\Workspace\solo-project-lifecycle\.git\objects\1a\7817154ef899187348d8e80979e381d943958b","11753","85"
"D:\Workspace\solo-project-lifecycle\.git\objects\1b\b96c357650fa4333fe1a6c0b320319b3f54dd5","19391","140"
"D:\Workspace\solo-project-lifecycle\.git\objects\1c\713d20e77ffd972494cf2e6c262c41b05e1736","825","8"
"D:\Workspace\solo-project-lifecycle\.git\objects\1c\fa5a613d5bad7bfe1db1f63722ae1112f9e601","4991","40"
"D:\Workspace\solo-project-lifecycle\.git\objects\1d\4194990e377c6ee2c526d666a7dbc3b2603ab6","3493","29"
"D:\Workspace\solo-project-lifecycle\.git\objects\1d\742601eeae6271b31ff06a580c416ed450bfb5","9574","67"
"D:\Workspace\solo-project-lifecycle\.git\objects\1e\319adc08c6fcff4c733d64ff93c8f014ad0be1","737","3"
"D:\Workspace\solo-project-lifecycle\.git\objects\1f\12a6cdf173f0a597debf77b347b2b7d9c4c4a9","572","9"
"D:\Workspace\solo-project-lifecycle\.git\objects\1f\e2beb5e254540f1a9ced1ab69fddfb1549a843","429","2"
"D:\Workspace\solo-project-lifecycle\.git\objects\20\1b44d48e341e8510699826bcc954670370022b","253","1"
"D:\Workspace\solo-project-lifecycle\.git\objects\22\d6a12c5e4eb686c245ba9c78077c66e6912041","1581","11"
"D:\Workspace\solo-project-lifecycle\.git\objects\24\192830748696dc0035f9ae81616589e8aa0eb4","7575","51"
"D:\Workspace\solo-project-lifecycle\.git\objects\24\c8d23a517dd0941557ff15858ff26d74164c5a","591","3"
"D:\Workspace\solo-project-lifecycle\.git\objects\26\1ac0abcc25c716021de2de18812b93e4c81569","248","5"
"D:\Workspace\solo-project-lifecycle\.git\objects\26\21900460582f114e5a7a28d5533f7eeb92baa7","1560","11"
"D:\Workspace\solo-project-lifecycle\.git\objects\26\a646254e464152b59920a79f4f7767913dab05","191","4"
"D:\Workspace\solo-project-lifecycle\.git\objects\26\e83fc5724fb847f0076b25640020e267834a75","19384","155"
"D:\Workspace\solo-project-lifecycle\.git\objects\28\857f088ac75d787c772454773c0f40ddaf6574","1950","23"
"D:\Workspace\solo-project-lifecycle\.git\objects\29\238e8159bf25ec7c23cb4f6c1f77761720b1c6","253","3"
"D:\Workspace\solo-project-lifecycle\.git\objects\2a\80f9190f48727ff61f76eaf47786f9ff4bef24","253","1"
"D:\Workspace\solo-project-lifecycle\.git\objects\2a\f7a8ccc454978c1cced2f7ddd1f4f14d8c3dc6","7486","49"
"D:\Workspace\solo-project-lifecycle\.git\objects\2b\5bb32a324591780d95c771ba1c53c26211e896","5856","42"
"D:\Workspace\solo-project-lifecycle\.git\objects\2b\7c60b24a8b131fedf4d39c2616de0ff5f26151","475","5"
"D:\Workspace\solo-project-lifecycle\.git\objects\2c\5698b4d60ec8acbde5d69fe800326fbb0e3690","75","1"
"D:\Workspace\solo-project-lifecycle\.git\objects\2d\2470f2d9db33affc2096305ac60ea934fcaa8b","2261","17"
"D:\Workspace\solo-project-lifecycle\.git\objects\2d\3d70a95baa0219d2421c70053ec9bafb0f8eaa","19076","134"
"D:\Workspace\solo-project-lifecycle\.git\objects\2d\bed6623add604bcf12752e73ae5e88335d720c","7305","56"
"D:\Workspace\solo-project-lifecycle\.git\objects\2e\01f97f2c89a4c69eb8e90e3f68e170151ace90","1453","13"
"D:\Workspace\solo-project-lifecycle\.git\objects\2e\1b0914978c06b27b3bae21f57881693b156672","292","2"
"D:\Workspace\solo-project-lifecycle\.git\objects\2f\3f66f80212e675a6cfae1f3085b301727171fd","4485","22"
"D:\Workspace\solo-project-lifecycle\.git\objects\2f\5b2425b04a711df2a0461c9407682cc8d5394d","19144","140"
"D:\Workspace\solo-project-lifecycle\.git\objects\2f\6cd078a56de3333b7bbd885aa20f39e9c3766f","993","6"
"D:\Workspace\solo-project-lifecycle\.git\objects\2f\b55f5cf513fcbbe95204ce5be44d5ee6e870eb","4185","31"
"D:\Workspace\solo-project-lifecycle\.git\objects\2f\e261c118575f0969bc17a0d84dbce03763fbff","295","4"
"D:\Workspace\solo-project-lifecycle\.git\objects\30\46d6b0ba1f145a48a986b59e4f1a8dd4e6720a","2818","13"
"D:\Workspace\solo-project-lifecycle\.git\objects\30\98781bba7ac76f1ec296dd65f1df6513717ab6","253","1"
"D:\Workspace\solo-project-lifecycle\.git\objects\31\bbe18a36543f9f1b6a8635dcc167c29e05f5b0","455","3"
"D:\Workspace\solo-project-lifecycle\.git\objects\32\23b3a5b47d04cfdb945806f79e414506772967","169","4"
"D:\Workspace\solo-project-lifecycle\.git\objects\32\daec42e0456ef1bdda8f30c954a2b2b323bfd6","737","8"
"D:\Workspace\solo-project-lifecycle\.git\objects\34\94257f489ddcdfcc7fce3d148cc08ec1767ebb","825","8"
"D:\Workspace\solo-project-lifecycle\.git\objects\35\5fd552d9c7653762526a1b8b10848b17345357","4718","38"
"D:\Workspace\solo-project-lifecycle\.git\objects\36\0c96cb6b5c80f1406265c135bc8c4d01ad0fe8","1440","21"
"D:\Workspace\solo-project-lifecycle\.git\objects\37\aa66aeb967eff840df713f7958dbfabad460d5","11929","84"
"D:\Workspace\solo-project-lifecycle\.git\objects\37\ac64b8025a7330ecac08e0b6051de9e7ce2ead","592","3"
"D:\Workspace\solo-project-lifecycle\.git\objects\38\270529d72ab0cbb63bba0499da21ff61400688","955","5"
"D:\Workspace\solo-project-lifecycle\.git\objects\39\7af90a9ab854ac1cb952cfb4a6e18e2b38fa20","2894","26"
"D:\Workspace\solo-project-lifecycle\.git\objects\39\ae769016e77f17b6348e8e23b08b94f7999e15","830","6"
"D:\Workspace\solo-project-lifecycle\.git\objects\3b\ddb485f7559c5d49aa310e9b83d6622af01c33","4348","39"
"D:\Workspace\solo-project-lifecycle\.git\objects\3c\ef114ddf1b0a00510f99ac96da4606e8ff1615","6778","64"
"D:\Workspace\solo-project-lifecycle\.git\objects\3e\391fd848408ffcd431d8f50a25f4e3339a413d","19317","156"
"D:\Workspace\solo-project-lifecycle\.git\objects\3f\35a0661ebdbd45a68da737566c0c43fca7573d","3602","22"
"D:\Workspace\solo-project-lifecycle\.git\objects\41\76532d21557bf78cd1c4d64c55815c65bd84e3","248","2"
"D:\Workspace\solo-project-lifecycle\.git\objects\41\e4764fd2b207ae2a8b5312c8c71a02a96e6799","8584","85"
"D:\Workspace\solo-project-lifecycle\.git\objects\42\f2128e822da785e32a0294ff92d9e35a17b089","11137","74"
"D:\Workspace\solo-project-lifecycle\.git\objects\43\b001b7fdcace3d7ab6c08f6118bc6b46e017d0","211","3"
"D:\Workspace\solo-project-lifecycle\.git\objects\43\ceeafc39b28946e9651208e7d64d0f5eae2a1c","253","3"
"D:\Workspace\solo-project-lifecycle\.git\objects\44\f0c2dffc7631508f492784d2ea40a2926dce33","4092","23"
"D:\Workspace\solo-project-lifecycle\.git\objects\46\f6e49a90bacd8e66f4582f19c74f429bad2549","4103","35"
"D:\Workspace\solo-project-lifecycle\.git\objects\47\a41722ffd93a2a0691bf168632f14055f43ab5","11188","93"
"D:\Workspace\solo-project-lifecycle\.git\objects\47\dac72095940cdfd2bec2aae369a410c4dfe37d","253","1"
"D:\Workspace\solo-project-lifecycle\.git\objects\48\53c12f05b9c2a77c0fde47959f9cf6c38a3607","5652","46"
"D:\Workspace\solo-project-lifecycle\.git\objects\48\9a79e6fb3a418b2e6641a6b235be9c8868b10c","536","3"
"D:\Workspace\solo-project-lifecycle\.git\objects\49\152512815eb6058f3d8cd5dc284a2765b45c81","138","3"
"D:\Workspace\solo-project-lifecycle\.git\objects\49\7975960d45e21a30043ef776554036794599ef","19297","140"
"D:\Workspace\solo-project-lifecycle\.git\objects\4a\5803f24adf0eed660753424e722e136bbcae72","253","2"
"D:\Workspace\solo-project-lifecycle\.git\objects\4a\fd7cce635c6df058e8cf49768638b845a28bee","252","2"
"D:\Workspace\solo-project-lifecycle\.git\objects\4b\1a96c056aa276d00ade018828fdffe13ead0fb","1725","21"
"D:\Workspace\solo-project-lifecycle\.git\objects\4b\e5f28703cd00bd0a583fbc7483217c34f3a5cc","4126","27"
"D:\Workspace\solo-project-lifecycle\.git\objects\4b\e68f4bb41cffe98bb1f7d77ebe47049ffbb27c","303","6"
"D:\Workspace\solo-project-lifecycle\.git\objects\4c\1dc36af36b0e9b541317dcbdf0a9ea164ef7d9","4899","26"
"D:\Workspace\solo-project-lifecycle\.git\objects\4c\a0156016bd91e1c17a3d9150db006907b5feba","213","2"
"D:\Workspace\solo-project-lifecycle\.git\objects\4d\36ddb520f571a92af693c2fd4ef076cbcaab3a","601","7"
"D:\Workspace\solo-project-lifecycle\.git\objects\4d\4325d59645f461d013a341e0533c74383f749e","2935","29"
"D:\Workspace\solo-project-lifecycle\.git\objects\4d\940f2e69ade0986f7d23fd165cc4cc7e836fd3","845","3"
"D:\Workspace\solo-project-lifecycle\.git\objects\4d\afbc64a4d84fe2cee093fa83873ef7b0e52113","118","1"
"D:\Workspace\solo-project-lifecycle\.git\objects\4e\cd852f71c852456a154a175e75b4472481e8cb","253","2"
"D:\Workspace\solo-project-lifecycle\.git\objects\4e\faa149c8137815158093df9d39f5c2ddfd1a54","4350","37"
"D:\Workspace\solo-project-lifecycle\.git\objects\4f\a544e146881b49770d05dc877b3c082a095ecc","167","3"
"D:\Workspace\solo-project-lifecycle\.git\objects\50\0762e4978c58aaa3f9138994650b5f47bce89d","1306","6"
"D:\Workspace\solo-project-lifecycle\.git\objects\50\3fae8d2a2e5afa7f5ca83ec8af6fd327752341","12113","105"
"D:\Workspace\solo-project-lifecycle\.git\objects\50\a93d26a99959334f1286cd52beb183c85cf93e","4351","34"
"D:\Workspace\solo-project-lifecycle\.git\objects\51\9e90ab0a4c41d2a60f3449c107990d288a0844","11853","80"
"D:\Workspace\solo-project-lifecycle\.git\objects\51\ae6f1fb6f41ae0bdf8875d2928d42704342ba4","247","1"
"D:\Workspace\solo-project-lifecycle\.git\objects\53\07171f549645e0aa7eb2bd0d5a45e688f598de","253","1"
"D:\Workspace\solo-project-lifecycle\.git\objects\53\48772652305fe9a76510315c30627a16417475","9982","64"
"D:\Workspace\solo-project-lifecycle\.git\objects\53\6a4b635d944754540c667c90ec4e148af8a714","23201","156"
"D:\Workspace\solo-project-lifecycle\.git\objects\54\3c8dbe3eff1a7d77ebaeee1dfdf33fe14d8ba2","11883","76"
"D:\Workspace\solo-project-lifecycle\.git\objects\56\270a53fcc22345ca547c46e99e45a47d44403e","829","11"
"D:\Workspace\solo-project-lifecycle\.git\objects\56\38f95a79f03548475ef839789e125930e54d95","210","4"
"D:\Workspace\solo-project-lifecycle\.git\objects\56\8530273de9ccaf96541d3c625b9565339f8106","253","2"
"D:\Workspace\solo-project-lifecycle\.git\objects\57\d1429e3b07fbb03b03aa5430cbd43bc2520e37","197","4"
"D:\Workspace\solo-project-lifecycle\.git\objects\58\102bbd727fd4e360f487773e666423ddecd9ad","296","3"
"D:\Workspace\solo-project-lifecycle\.git\objects\58\af8a4e4f313a8a31b8296f35f24596a265c1ba","1086","6"
"D:\Workspace\solo-project-lifecycle\.git\objects\58\dad617fca4bcb6fd2beec418647eb21d9d03f8","191","2"
"D:\Workspace\solo-project-lifecycle\.git\objects\59\4f772b273bab7813714bfbd8b538edaa466e07","507","5"
"D:\Workspace\solo-project-lifecycle\.git\objects\59\d8e09166a9f85f029deae483d8179931c086b5","2817","30"
"D:\Workspace\solo-project-lifecycle\.git\objects\5c\4fcd6eb00ac430fdac8dc22a5e5918ae4b0217","5018","29"
"D:\Workspace\solo-project-lifecycle\.git\objects\5d\491f414cd02acd4fed9c91e0c7c74d142cf47c","19238","155"
"D:\Workspace\solo-project-lifecycle\.git\objects\5d\733b1933fb20b52ade50414c1338f623545eb9","12996","109"
"D:\Workspace\solo-project-lifecycle\.git\objects\5d\8cc7dd71e8012593b73f0ac3111189b26de795","5234","38"
"D:\Workspace\solo-project-lifecycle\.git\objects\5d\ff174de5b7f5e5b7adfa6f6c830115341a686e","120","1"
"D:\Workspace\solo-project-lifecycle\.git\objects\5e\8c21c45ccfea905082559da8cfca3ef345df68","253","1"
"D:\Workspace\solo-project-lifecycle\.git\objects\5f\739016040dc0f6ddc985cd1d0c7d395c1fe2f4","826","8"
"D:\Workspace\solo-project-lifecycle\.git\objects\5f\789b6ba3b46928f332c9a67231fda8cd803060","7860","53"
"D:\Workspace\solo-project-lifecycle\.git\objects\5f\ab242d7a02f9263ccb44189030d7b182a896d2","8911","62"
"D:\Workspace\solo-project-lifecycle\.git\objects\61\35f8283440e80f721eec5182de1b01253dcf57","253","2"
"D:\Workspace\solo-project-lifecycle\.git\objects\61\a74595013f7c9d75ea61274f722a61ec1b9f50","12927","106"
"D:\Workspace\solo-project-lifecycle\.git\objects\62\2e43f499766b99f3a99da909844936e3ef66c0","29141","214"
"D:\Workspace\solo-project-lifecycle\.git\objects\62\573a0eab68e01076fa7780318bdd956ea8e859","1760","20"
"D:\Workspace\solo-project-lifecycle\.git\objects\62\a84115c78216bf420106f3871111e7bbeeaa58","103","5"
"D:\Workspace\solo-project-lifecycle\.git\objects\63\2c07aaafcf637097021412b494d332db944887","354","7"
"D:\Workspace\solo-project-lifecycle\.git\objects\63\3202a98787d067fa116c80c5ff9d1e0e2cfaa3","523","5"
"D:\Workspace\solo-project-lifecycle\.git\objects\63\37454e73391c1cd1527ed8f41c61a71373c171","1155","14"
"D:\Workspace\solo-project-lifecycle\.git\objects\63\a13b520564c6f05d8989f3a275e7b7d01a9be8","2021","12"
"D:\Workspace\solo-project-lifecycle\.git\objects\63\bb8fd516c606ab014e1a1a03510be0aada1563","4473","27"
"D:\Workspace\solo-project-lifecycle\.git\objects\63\fa400d3eeaa271606226a7f1e306795de98ca6","4527","37"
"D:\Workspace\solo-project-lifecycle\.git\objects\65\57055f3f6031627fad2695b034d53797092c17","253","1"
"D:\Workspace\solo-project-lifecycle\.git\objects\66\4a1a515b4632c387041e61dbd1e6ca16a8900f","253","2"
"D:\Workspace\solo-project-lifecycle\.git\objects\66\dae0e2aea5c4bd5418a63bd0682b2f785ab509","476","5"
"D:\Workspace\solo-project-lifecycle\.git\objects\67\69470bba54dcdbae70aa766d9898a108860f11","873","3"
"D:\Workspace\solo-project-lifecycle\.git\objects\67\9bf11a913e8d200c4cd8ab5bd9e72cc83b7d44","120","1"
"D:\Workspace\solo-project-lifecycle\.git\objects\68\6de0a949d5ac87417df123fcf2325fa4c14a7c","6399","44"
"D:\Workspace\solo-project-lifecycle\.git\objects\69\2255c955c708bc92c6ac0b8536c13ab4b1522a","248","2"
"D:\Workspace\solo-project-lifecycle\.git\objects\69\2bce77d7aafeb39ece9b16b44af9832c221d9a","12019","103"
"D:\Workspace\solo-project-lifecycle\.git\objects\69\ae33d0a4a57bd0e515b212ff66af986098cde9","828","9"
"D:\Workspace\solo-project-lifecycle\.git\objects\6a\475d7f33aa538a6285235bd92e66ceab97d52c","969","13"
"D:\Workspace\solo-project-lifecycle\.git\objects\6a\64c7477c295cf52f62356fd2a7559c261e9dbb","161","3"
"D:\Workspace\solo-project-lifecycle\.git\objects\6a\d6acb8d81da0c6a7b95c7491686b02b922f8fc","5156","43"
"D:\Workspace\solo-project-lifecycle\.git\objects\6a\d8548fc60cf0ce0a8b0a729b895c0bace184c5","3901","32"
"D:\Workspace\solo-project-lifecycle\.git\objects\6b\23fadca46bb37fde5baa1cbc3a8c8686966e0c","7308","43"
"D:\Workspace\solo-project-lifecycle\.git\objects\6b\583e630d1557118cd866e1702c091c9de1e0f6","5375","47"
"D:\Workspace\solo-project-lifecycle\.git\objects\6b\88a9c5bd909ca567f5be2239c7081904669d5f","141","3"
"D:\Workspace\solo-project-lifecycle\.git\objects\6b\9e4d02a4394bac0f5ad15c12657f8a3f1ca485","7459","54"
"D:\Workspace\solo-project-lifecycle\.git\objects\6c\23e4c380b9c5709f9cd8e7693617ce1f141914","3800","31"
"D:\Workspace\solo-project-lifecycle\.git\objects\6d\470837e7de698a027bd5ae52d99205c0c91ed7","825","7"
"D:\Workspace\solo-project-lifecycle\.git\objects\6e\8c421ca190b8822788b81ef5afca333dad7063","3398","26"
"D:\Workspace\solo-project-lifecycle\.git\objects\6e\c427376516999e2682c0f71d31c27ff15d51ac","4396","30"
"D:\Workspace\solo-project-lifecycle\.git\objects\6e\f10415a8387919707271a1a21ff8fba425d3a1","5678","46"
"D:\Workspace\solo-project-lifecycle\.git\objects\6f\0521e21e643843ca3676d7cff94987614a335b","2793","27"
"D:\Workspace\solo-project-lifecycle\.git\objects\6f\2d9ca773bfc92d01ce894b2abb330be5f1cc6b","7592","53"
"D:\Workspace\solo-project-lifecycle\.git\objects\6f\7edb3850f440fcc90344d679ee77066ff284f0","8238","67"
"D:\Workspace\solo-project-lifecycle\.git\objects\6f\bf715bf9a815ccb6514c49d60447430760653a","3626","24"
"D:\Workspace\solo-project-lifecycle\.git\objects\6f\f54ee4de92f36de03047ab69e746dc00f7fbcc","9521","65"
"D:\Workspace\solo-project-lifecycle\.git\objects\71\1e407ce7354ec3b451b4c695e878abb3664788","7058","48"
"D:\Workspace\solo-project-lifecycle\.git\objects\71\28cc1f279279b0a51612a61d661c5b24a9c081","7950","72"
"D:\Workspace\solo-project-lifecycle\.git\objects\71\e6a8572e16f19bf98c5c5b1927fbeb784dc092","1544","14"
"D:\Workspace\solo-project-lifecycle\.git\objects\71\ea41e648886de4d632e6e1287f3be3cd70e5d9","5188","48"
"D:\Workspace\solo-project-lifecycle\.git\objects\72\00e4705ac6cd31e0d799a621aced26c9033041","446","3"
"D:\Workspace\solo-project-lifecycle\.git\objects\72\1320a88d8f799149e45345add1bf5b066b3d0d","2955","20"
"D:\Workspace\solo-project-lifecycle\.git\objects\72\689aedd2497e3da85b6de124f0800889162315","12736","96"
"D:\Workspace\solo-project-lifecycle\.git\objects\73\13a21832c88a3471eded08c8b96a661836c567","825","8"
"D:\Workspace\solo-project-lifecycle\.git\objects\73\af2a483dfd8c05fe3b86b25ef061f859160221","19909","147"
"D:\Workspace\solo-project-lifecycle\.git\objects\74\74ac44862cc924bbaf6baf95dcb45fb55b4928","383","3"
"D:\Workspace\solo-project-lifecycle\.git\objects\77\99bffab01c453e043876a74bb12a1640dafa58","176","3"
"D:\Workspace\solo-project-lifecycle\.git\objects\77\a0c79383ec0f36c4ac31a9cd381e607e32dcd1","1773","11"
"D:\Workspace\solo-project-lifecycle\.git\objects\78\bfcfd7e6b791175350277715d06c70ae4233a0","439","2"
"D:\Workspace\solo-project-lifecycle\.git\objects\78\d1db59a63e98a7ba416f4a11b1943e69d1f071","2494","20"
"D:\Workspace\solo-project-lifecycle\.git\objects\79\1f2b3f8b16448725907d43ad04a20a3cde28c0","1549","18"
"D:\Workspace\solo-project-lifecycle\.git\objects\79\6bfc9f266de17f5fffa18d01957b56ec3e8c02","183","2"
"D:\Workspace\solo-project-lifecycle\.git\objects\7b\11319bea04d803631efa8dc2e7eaa5fae2dbe9","9151","64"
"D:\Workspace\solo-project-lifecycle\.git\objects\7b\cf9785b6e96480240e4b735f5f6e3ccb44bc80","469","7"
"D:\Workspace\solo-project-lifecycle\.git\objects\7d\1e4b017a4e84121f14d08f2b5e02dbb121e976","8016","70"
"D:\Workspace\solo-project-lifecycle\.git\objects\7e\03278b52c57c78cee13b31d9f83af1ba75e459","253","3"
"D:\Workspace\solo-project-lifecycle\.git\objects\7e\7d0ce1c2953845af39f88f23e4fec998fd5301","1494","13"
"D:\Workspace\solo-project-lifecycle\.git\objects\7e\9eec509759f49124ad02adc5fdf734e07a8672","747","4"
"D:\Workspace\solo-project-lifecycle\.git\objects\7f\19fa81de693edd38038a8e328043e04276adba","399","1"
"D:\Workspace\solo-project-lifecycle\.git\objects\7f\3f9f60b2f103fb693d8d8d702c5625aed8bb3d","19318","162"
"D:\Workspace\solo-project-lifecycle\.git\objects\7f\5d983d8037ad87b481b151e739938ea34793fd","253","1"
"D:\Workspace\solo-project-lifecycle\.git\objects\81\14b61d85212da76598c6585b1edbda5bbf7d2f","161","3"
"D:\Workspace\solo-project-lifecycle\.git\objects\81\2c8e862f36e5a197f1968c5252c3d6736d75c4","9609","62"
"D:\Workspace\solo-project-lifecycle\.git\objects\81\8e289c927587c156ca946837304781062117ed","5866","52"
"D:\Workspace\solo-project-lifecycle\.git\objects\81\a9915929feb8e565cea96d11cd957bfd3c9b12","5908","39"
"D:\Workspace\solo-project-lifecycle\.git\objects\81\b34bb85a10b2747e9ec712a0c1abdc456d2d51","824","4"
"D:\Workspace\solo-project-lifecycle\.git\objects\81\f19eac1aca0b054ee829adad674e599cb2e073","656","5"
"D:\Workspace\solo-project-lifecycle\.git\objects\82\201083e0655160d45f9b5c7571bf21c94520aa","253","1"
"D:\Workspace\solo-project-lifecycle\.git\objects\82\6b1bb46f8536d6c4abd8431ef76df80680d471","5376","55"
"D:\Workspace\solo-project-lifecycle\.git\objects\83\5a0057a9c990dfd6ebf5b67550ca31e30f5901","2814","21"
"D:\Workspace\solo-project-lifecycle\.git\objects\83\684a5fb9ba429e99b14fda880a0a4c208fb002","3623","25"
"D:\Workspace\solo-project-lifecycle\.git\objects\84\60b386f38124a8a51487000934339b67b97610","1474","14"
"D:\Workspace\solo-project-lifecycle\.git\objects\85\f1f3cc0330dba932053a50fc5b9e78dff2a108","253","1"
"D:\Workspace\solo-project-lifecycle\.git\objects\87\f90f3bfc5f5e74fa9b8c53c02c4313850af51e","9009","64"
"D:\Workspace\solo-project-lifecycle\.git\objects\89\e3bfff9efc0823872a0bf913b212f81ba22d88","737","7"
"D:\Workspace\solo-project-lifecycle\.git\objects\89\e8d5ff660495dbdb934dfcd1764e5d2909c7c5","4112","34"
"D:\Workspace\solo-project-lifecycle\.git\objects\8b\008bfbfa71d1fecb4103a37a9fdce7dff2dde2","7155","46"
"D:\Workspace\solo-project-lifecycle\.git\objects\8b\3eee7def9fb133eb434b5d08a24e38f7bea858","191","4"
"D:\Workspace\solo-project-lifecycle\.git\objects\8b\e06f1e12b6a7b02a8b502a5d775de2131a4804","252","4"
"D:\Workspace\solo-project-lifecycle\.git\objects\8d\2b53d3a4ae017240255ac83eb397d2a487abe1","1646","11"
"D:\Workspace\solo-project-lifecycle\.git\objects\8d\eac4b26de5157ea0320fcc52465bb25af188c1","773","2"
"D:\Workspace\solo-project-lifecycle\.git\objects\8e\10af063ce065c67fc5f5334150b40da78d5326","526","6"
"D:\Workspace\solo-project-lifecycle\.git\objects\8e\70cceeceb6f4505601e99a55d746f26ddd9163","5140","34"
"D:\Workspace\solo-project-lifecycle\.git\objects\8e\7916f3fb3bfd07a9c62afef6c54ea4338db12a","180","4"
"D:\Workspace\solo-project-lifecycle\.git\objects\90\bb9e9450ced6e263c954fe40e08877219995ce","355","8"
"D:\Workspace\solo-project-lifecycle\.git\objects\91\bee010077afcdd59d24e8a03fe7aae4c72d9ec","6030","47"
"D:\Workspace\solo-project-lifecycle\.git\objects\91\ea2af0f40a5235433014c1e3a15820b5b52bf8","110","4"
"D:\Workspace\solo-project-lifecycle\.git\objects\91\f186a602d0f02746a2bf5d7b717ef20091c43d","303","7"
"D:\Workspace\solo-project-lifecycle\.git\objects\92\965efc8031fa3677baaca5ec3875e50952ea47","4350","39"
"D:\Workspace\solo-project-lifecycle\.git\objects\92\c2d1b885d7d5306aaf26bddb0799829d1888b7","181","2"
"D:\Workspace\solo-project-lifecycle\.git\objects\93\d2b08925173e0eebe2b054a401dbeb668ee997","22385","149"
"D:\Workspace\solo-project-lifecycle\.git\objects\93\d5422f3152e9a72852c44ed7c2152c08a82b27","6191","45"
"D:\Workspace\solo-project-lifecycle\.git\objects\94\2d129aee0e76144fa889f3ae711aa4a3d7b8ce","930","11"
"D:\Workspace\solo-project-lifecycle\.git\objects\94\950aaa2619701f0bdc1764c3ac30687395a693","829","3"
"D:\Workspace\solo-project-lifecycle\.git\objects\94\f41cf1b586614765c6c3d0c08dc94f0b96f928","4705","34"
"D:\Workspace\solo-project-lifecycle\.git\objects\95\1afd6f03b30a8a730ccb784cd91aaf262627bb","2336","20"
"D:\Workspace\solo-project-lifecycle\.git\objects\95\5160675e6f1328c5e3a4a0f327d66fec98aca7","29018","204"
"D:\Workspace\solo-project-lifecycle\.git\objects\95\6d93713b87e8eb9da8a4769593896d04300f54","4527","28"
"D:\Workspace\solo-project-lifecycle\.git\objects\95\a216a00ab091136f87b0c0ed5037ef3297b67d","8765","73"
"D:\Workspace\solo-project-lifecycle\.git\objects\97\1842eab8c5102ab6068318097ec30c05dbb1f6","7265","49"
"D:\Workspace\solo-project-lifecycle\.git\objects\98\04850afddb938770d4261dd44af9e2c4a47837","422","5"
"D:\Workspace\solo-project-lifecycle\.git\objects\98\99fc01917d7eb17ada8f573e215b5f2daba709","5687","46"
"D:\Workspace\solo-project-lifecycle\.git\objects\98\ba503df614413b7c8c6c7feffc78fed7989581","19267","133"
"D:\Workspace\solo-project-lifecycle\.git\objects\98\c95073730b98de3e7268e3f184a95729bde53f","26872","194"
"D:\Workspace\solo-project-lifecycle\.git\objects\98\cfaefd0a2b1cb41954b97adb18588c77047ec1","828","10"
"D:\Workspace\solo-project-lifecycle\.git\objects\99\3485396d881f4a197320bf3fad20d1ce0c22fb","2732","29"
"D:\Workspace\solo-project-lifecycle\.git\objects\9a\6fa35bb85597a67e2285b5a73de190a20a9f38","921","11"
"D:\Workspace\solo-project-lifecycle\.git\objects\9b\229829870ec823694500c0a009db4763cb0231","1181","10"
"D:\Workspace\solo-project-lifecycle\.git\objects\9b\a57f4d4c79483fff01e86afd617ecce2e25e86","303","3"
"D:\Workspace\solo-project-lifecycle\.git\objects\9c\b5a5c96692a411affed95e061e6b041309f5ad","9476","74"
"D:\Workspace\solo-project-lifecycle\.git\objects\9e\274496133be16e95d5d37a68c2cd56946c8c0b","253","1"
"D:\Workspace\solo-project-lifecycle\.git\objects\9e\5a223b18856b32a1ecd1ed6d64ef4f992fa43f","253","1"
"D:\Workspace\solo-project-lifecycle\.git\objects\9e\6b00c437a2c3a838cbd703b525c7fded0b1569","10648","93"
"D:\Workspace\solo-project-lifecycle\.git\objects\9f\5c67c1df33b3ff2459fc57e149cc308fe4328e","10374","93"
"D:\Workspace\solo-project-lifecycle\.git\objects\9f\be3730f01d550f1fca135decedb816b4b7a46e","5859","45"
"D:\Workspace\solo-project-lifecycle\.git\objects\9f\d0de4dfa9167d62f9163830d9d8df4e7ad75d4","1039","9"
"D:\Workspace\solo-project-lifecycle\.git\objects\a1\02fe1d04e9404b4e8c22d465ad1af14a1d6656","4660","42"
"D:\Workspace\solo-project-lifecycle\.git\objects\a1\818b3f1dcc65c4c31cd512600ebfe0621088ba","646","6"
"D:\Workspace\solo-project-lifecycle\.git\objects\a1\c871fb89d32ca2bb3ce89925fad1e0b0a64c6e","252","2"
"D:\Workspace\solo-project-lifecycle\.git\objects\a2\c38dd27901e0b0a5a5fc35c0da30606eec7c74","4631","30"
"D:\Workspace\solo-project-lifecycle\.git\objects\a2\d082824ee2be28f7eefd40bcee456df0aebb26","5853","56"
"D:\Workspace\solo-project-lifecycle\.git\objects\a3\0471d7552943ab49cf883b98df77bfcdcfa6f0","15248","118"
"D:\Workspace\solo-project-lifecycle\.git\objects\a3\6f03a8a4546cdf5abd7adf35f06d7ec3515577","1392","7"
"D:\Workspace\solo-project-lifecycle\.git\objects\a3\71e0d21bf071b8a77f19997a17cee64e1070e3","15229","127"
"D:\Workspace\solo-project-lifecycle\.git\objects\a3\ae23495636aa71976289940f3e36498fc1ff9b","502","3"
"D:\Workspace\solo-project-lifecycle\.git\objects\a4\3822269fb2a80b4c2473543716ad24f0e88e86","503","2"
"D:\Workspace\solo-project-lifecycle\.git\objects\a4\e37960dad8b2f94cbe2c080fe27c323a734678","11934","105"
"D:\Workspace\solo-project-lifecycle\.git\objects\a4\e8c16f47bdf126d5a5a276ddaff9ca7ef6a0ba","8331","62"
"D:\Workspace\solo-project-lifecycle\.git\objects\a5\889218101acb4ea41df456d6c49908eaffd89f","4518","35"
"D:\Workspace\solo-project-lifecycle\.git\objects\a5\c3357b70098e35560ea51c2753cd736659edff","4965","33"
"D:\Workspace\solo-project-lifecycle\.git\objects\a7\267abc984692fc469e2695bdd7fcd89174e421","13056","91"
"D:\Workspace\solo-project-lifecycle\.git\objects\a7\31688596b812ca91443f9c3a1eefa11c33ccdd","7765","61"
"D:\Workspace\solo-project-lifecycle\.git\objects\a8\49cb459d9642001b2199f912734818d2c4c8ef","2660","26"
"D:\Workspace\solo-project-lifecycle\.git\objects\aa\0e799e18a09e75b484ddf0d981377fab16eddd","396","6"
"D:\Workspace\solo-project-lifecycle\.git\objects\ab\55de8a9621551a9759cddb5a13acfc5363de1d","12216","97"
"D:\Workspace\solo-project-lifecycle\.git\objects\ac\090a632734cfd4b2208ba32d9bd42883637e91","1753","14"
"D:\Workspace\solo-project-lifecycle\.git\objects\ac\f8d774c7b0ffff901ac32ff3e6200cdbf0763f","5288","41"
"D:\Workspace\solo-project-lifecycle\.git\objects\ad\6847f6999a7f7e70566d560d6cb1beb796abc0","247","2"
"D:\Workspace\solo-project-lifecycle\.git\objects\af\2a3ee0ba5b24765557dd577dd3e55bc5f94c7c","5183","34"
"D:\Workspace\solo-project-lifecycle\.git\objects\af\fff70e91c6eb0896f845e1bead7764fa026f86","5797","46"
"D:\Workspace\solo-project-lifecycle\.git\objects\b0\1008fd0ab7231161cfea75a8b3b68be5a0c28a","5117","44"
"D:\Workspace\solo-project-lifecycle\.git\objects\b2\721ea2d959e5c2f90ca6bc566c9476b2d3bc19","5145","50"
"D:\Workspace\solo-project-lifecycle\.git\objects\b2\c04f6257d9f65341745e9e3bdbaaeec74df12f","5030","41"
"D:\Workspace\solo-project-lifecycle\.git\objects\b3\e89cbcf8ace1371ad660381d6705864d1553c1","563","4"
"D:\Workspace\solo-project-lifecycle\.git\objects\b5\53cf750f77cc72af82537c46818b0997d96d51","515","2"
"D:\Workspace\solo-project-lifecycle\.git\objects\b5\637a98ecd8168543ae80a3252ff4b1b1fb4ac7","1105","5"
"D:\Workspace\solo-project-lifecycle\.git\objects\b5\f5bde4abd64254f974b2cab5466361538c1eed","410","4"
"D:\Workspace\solo-project-lifecycle\.git\objects\b6\272b8a3cabba401bda03b925f43cea7d5873f2","512","5"
"D:\Workspace\solo-project-lifecycle\.git\objects\b6\58d9d28440ca94ad910a1e4f85f80b34564e22","2287","20"
"D:\Workspace\solo-project-lifecycle\.git\objects\b7\304e0a036741bdd995242f927b29dda3050226","1223","14"
"D:\Workspace\solo-project-lifecycle\.git\objects\b7\a8a647ed209072947eb95ab2c052d0949b0661","4495","39"
"D:\Workspace\solo-project-lifecycle\.git\objects\b9\0f0e426ad6db85cc4025b00c9f7b128e49d08f","3900","24"
"D:\Workspace\solo-project-lifecycle\.git\objects\b9\611cc533e69e84df6466aa85abb5709bcd2395","10208","83"
"D:\Workspace\solo-project-lifecycle\.git\objects\bb\44f736816fdf4398afd94840b10c4b7d960a6c","118","1"
"D:\Workspace\solo-project-lifecycle\.git\objects\bc\419ab577da95913e3f6f82c0ee3376502427c7","2460","20"
"D:\Workspace\solo-project-lifecycle\.git\objects\be\4b75efdfae170bcc3177ace49b7850f8c0047b","387","3"
"D:\Workspace\solo-project-lifecycle\.git\objects\be\68b840db97ed203d2b5fe0e82e35ef76e00671","11965","80"
"D:\Workspace\solo-project-lifecycle\.git\objects\bf\34ef12d414dd3f04b206238fd1f724a47023dc","1572","10"
"D:\Workspace\solo-project-lifecycle\.git\objects\c0\0bc86ceea674c7659e8292bc34c8656e055911","293","3"
"D:\Workspace\solo-project-lifecycle\.git\objects\c0\501321d7b3bb25d8a035a35f5ada96395602a0","1364","12"
"D:\Workspace\solo-project-lifecycle\.git\objects\c0\82bdb2327dcbe3711511fd6a3c585857d43c2b","1544","12"
"D:\Workspace\solo-project-lifecycle\.git\objects\c0\86aa900eb001ccb6d941013695bb4c203615cf","6552","39"
"D:\Workspace\solo-project-lifecycle\.git\objects\c0\c3c75f886665852f027b6fdae8e206158d7615","2761","26"
"D:\Workspace\solo-project-lifecycle\.git\objects\c0\c5dfc851578195fc8438cf81970b30ef4617d8","152","4"
"D:\Workspace\solo-project-lifecycle\.git\objects\c0\fadcdc38dcdcaeeba7b07f609d85aa98d409c3","1234","12"
"D:\Workspace\solo-project-lifecycle\.git\objects\c1\4e638fa511e85dec58b415b68488b43f448083","1090","7"
"D:\Workspace\solo-project-lifecycle\.git\objects\c1\b2ab23cfb08d05363b5a2373dc5e2306b582c0","2793","26"
"D:\Workspace\solo-project-lifecycle\.git\objects\c1\f856ac89cc6eeea134610416176bdb931f7e35","4466","35"
"D:\Workspace\solo-project-lifecycle\.git\objects\c2\395c6f7bea263379354b9c54fbc56d741075bb","115","4"
"D:\Workspace\solo-project-lifecycle\.git\objects\c2\53982f430a93b1320b2ae531aedfe57126830f","441","5"
"D:\Workspace\solo-project-lifecycle\.git\objects\c3\a310bdd3c87a793cb43e08f239e3ed4ee9e212","7154","65"
"D:\Workspace\solo-project-lifecycle\.git\objects\c4\c2366c32b17cdd92ae97bf0fbd6e69ef2ea3c1","8244","53"
"D:\Workspace\solo-project-lifecycle\.git\objects\c5\8a44f22a911fed89730c0247628f3a36e07459","2776","36"
"D:\Workspace\solo-project-lifecycle\.git\objects\c5\bf448372b650105cb834923f17b5734a8ad5ea","9910","63"
"D:\Workspace\solo-project-lifecycle\.git\objects\c6\447edce511c66dc125fcdb4a242b0b2426dd0c","3907","34"
"D:\Workspace\solo-project-lifecycle\.git\objects\c6\ac1eafc625dafe8be34dbfe152ee1668a9f45b","412","3"
"D:\Workspace\solo-project-lifecycle\.git\objects\c6\cd41139eef222279692f987dca4adcea389221","4719","36"
"D:\Workspace\solo-project-lifecycle\.git\objects\c7\0357d1c58437842a598707078fbfbad4f0fb34","5127","45"
"D:\Workspace\solo-project-lifecycle\.git\objects\c7\431e63d73e2a43aa4834dd08892600b4757157","827","9"
"D:\Workspace\solo-project-lifecycle\.git\objects\c7\77c81c3a40da8d0033cfbb7e2747451857c113","6927","45"
"D:\Workspace\solo-project-lifecycle\.git\objects\c7\a6c00496e1149298d94411e0aad6ace5f13852","3755","38"
"D:\Workspace\solo-project-lifecycle\.git\objects\c8\b2a5ac837d95b52fa9e20e3b6f1e6732bfbb47","4635","30"
"D:\Workspace\solo-project-lifecycle\.git\objects\c9\ad231b3c7466ba6190567c934c5e46040075e9","5722","46"
"D:\Workspace\solo-project-lifecycle\.git\objects\c9\d75070787ccffa1d637d25e17875f5caac1788","599","6"
"D:\Workspace\solo-project-lifecycle\.git\objects\c9\d7951214a7bb4f952f6b13da77f14d577ce869","230","6"
"D:\Workspace\solo-project-lifecycle\.git\objects\ca\0338f9361433528150699498d580c341f4c6c2","4948","47"
"D:\Workspace\solo-project-lifecycle\.git\objects\ca\8aedd692f23bef29acc2edfdae03cb70cbd0ee","160","1"
"D:\Workspace\solo-project-lifecycle\.git\objects\ca\a02d28f6ac8764757518a7e4b8765c1df5a573","3044","34"
"D:\Workspace\solo-project-lifecycle\.git\objects\cb\390a546a736e6e16525ec1497f0186473fe33c","11672","98"
"D:\Workspace\solo-project-lifecycle\.git\objects\cb\624e139b46bca41060e445f2ca61a27038aa33","4032","37"
"D:\Workspace\solo-project-lifecycle\.git\objects\cb\7866d537328b405132989753786583a33c4626","825","9"
"D:\Workspace\solo-project-lifecycle\.git\objects\cd\23b61f2c3d2e7c9b85b40bc9dc03a008016f7f","253","2"
"D:\Workspace\solo-project-lifecycle\.git\objects\cd\43f88abe015bf703dc0eb3379af5bd987a9781","1756","22"
"D:\Workspace\solo-project-lifecycle\.git\objects\cd\b8b70be529d19e00e1b6ebcc407d2cc97c16d3","11765","73"
"D:\Workspace\solo-project-lifecycle\.git\objects\ce\089227636a96d780c826d2661e03dcd8443dc8","347","6"
"D:\Workspace\solo-project-lifecycle\.git\objects\ce\334b0f167e0f1883c102cd36a1e12d76dbaedc","689","7"
"D:\Workspace\solo-project-lifecycle\.git\objects\ce\5398fcf6b6846450c295a862cd3e83a0208e1a","8906","59"
"D:\Workspace\solo-project-lifecycle\.git\objects\ce\d98c1ace6a4b95851e0bc7f71395b5d79c4c77","69","2"
"D:\Workspace\solo-project-lifecycle\.git\objects\cf\b78522c286cacc7825c80c175662b13d2ee32e","2756","20"
"D:\Workspace\solo-project-lifecycle\.git\objects\d0\1db5b9225ffc9d2e9696850b0fe6073a3e9e50","1413","11"
"D:\Workspace\solo-project-lifecycle\.git\objects\d0\7ac01c7bac4b5cd3080f7422ed0084e3d10768","1285","7"
"D:\Workspace\solo-project-lifecycle\.git\objects\d0\8bd06157e9bc850f2c31deba6d13c90933d893","493","6"
"D:\Workspace\solo-project-lifecycle\.git\objects\d1\368e7cc5cd5b3efe281ac1cdfb9f83878b115f","4264","37"
"D:\Workspace\solo-project-lifecycle\.git\objects\d2\aba9e7bf15abb8833499dd0b71b8ba1ab18867","106","4"
"D:\Workspace\solo-project-lifecycle\.git\objects\d2\f67d35bc755cf0272b591ef40f5b3b2ab326ca","9030","56"
"D:\Workspace\solo-project-lifecycle\.git\objects\d3\78cf4181f1b9fcbf6451fc21e1e904c3d7ba6a","9381","69"
"D:\Workspace\solo-project-lifecycle\.git\objects\d4\8428f5633df1a4167712783fe09ed090a59a18","1523","12"
"D:\Workspace\solo-project-lifecycle\.git\objects\d5\fb613f6b652cfec7b913f292f8141795bbb8bd","6671","49"
"D:\Workspace\solo-project-lifecycle\.git\objects\d6\73c5942d895432beca151bc78ecb76081718c9","1206","8"
"D:\Workspace\solo-project-lifecycle\.git\objects\d6\9da06f9b10d6baf71b65ff3577b2b6a8710bd6","298","3"
"D:\Workspace\solo-project-lifecycle\.git\objects\d7\43a0e16d2b04d2e97e68e0e4fc4eeb80767339","9166","71"
"D:\Workspace\solo-project-lifecycle\.git\objects\d7\4cfe6ebf974880c44f7befd05a4d5c01833399","253","1"
"D:\Workspace\solo-project-lifecycle\.git\objects\d7\d497d1fe265d5371add34fe66e894f611e6436","7296","58"
"D:\Workspace\solo-project-lifecycle\.git\objects\d8\0fa983ae5bc4827150f342e40cc3916e710965","253","1"
"D:\Workspace\solo-project-lifecycle\.git\objects\d8\8ff92eaabba39e673ac42a18153df8b6861ef7","253","2"
"D:\Workspace\solo-project-lifecycle\.git\objects\d8\b542b922b2823ea5198c522389098cb0b638e5","738","11"
"D:\Workspace\solo-project-lifecycle\.git\objects\db\250c7429d02a0a17f96843c396c1d840d7b300","102","1"
"D:\Workspace\solo-project-lifecycle\.git\objects\db\2caa97370b964f8d71b56ab139770e6a07e8ed","10416","82"
"D:\Workspace\solo-project-lifecycle\.git\objects\db\2dc7e6f94c3473141d69571f22935b9ef00457","475","1"
"D:\Workspace\solo-project-lifecycle\.git\objects\db\2e77171298853972ac8df7f4400c64567196ce","7668","61"
"D:\Workspace\solo-project-lifecycle\.git\objects\dc\ac05599fb5994973a1cce529a7c5b5ed95aec0","8135","62"
"D:\Workspace\solo-project-lifecycle\.git\objects\dc\e4d27c507362567522005a00f3135a9c0e9437","8805","69"
"D:\Workspace\solo-project-lifecycle\.git\objects\dd\46984a0b21f3028f75a347c0a43e1b48938c29","481","7"
"D:\Workspace\solo-project-lifecycle\.git\objects\dd\62463b1e60458f2350201b479f916d69e5a2d7","3598","25"
"D:\Workspace\solo-project-lifecycle\.git\objects\dd\7f8668e1d4d3f0c17db2f68113ec159eac1899","833","6"
"D:\Workspace\solo-project-lifecycle\.git\objects\dd\a448daf19b5144416afed246ee5a26d1f16e32","873","3"
"D:\Workspace\solo-project-lifecycle\.git\objects\dd\e89ec360ca8e0756ade6145eae37ed5a067a96","12595","100"
"D:\Workspace\solo-project-lifecycle\.git\objects\de\513c0b7f773ab7d3ead813fbdc1d3a6a084540","12945","93"
"D:\Workspace\solo-project-lifecycle\.git\objects\df\78f2323357207dca31225d4ce0c42b51e10550","1441","17"
"D:\Workspace\solo-project-lifecycle\.git\objects\e0\25ad0346a90c6975ff3a9f852cbc1d7b357f8b","68","2"
"D:\Workspace\solo-project-lifecycle\.git\objects\e0\54d466c58a3eac5f2c2410eb11e8510f4cd402","4815","37"
"D:\Workspace\solo-project-lifecycle\.git\objects\e0\f80c22873e73f353a64c5ddc9cde9d7784bbdf","513","7"
"D:\Workspace\solo-project-lifecycle\.git\objects\e1\921fdbaf371b8d71ae2bb9263f5bc070e56f74","8697","64"
"D:\Workspace\solo-project-lifecycle\.git\objects\e1\99f757e2fa771738baed29fdbdec3c7205ebb8","11534","69"
"D:\Workspace\solo-project-lifecycle\.git\objects\e1\c6492876c64e28cb44ae28843b9766611f72cf","2547","24"
"D:\Workspace\solo-project-lifecycle\.git\objects\e2\0a3d7ea8f7a5892e105f1bb7689907b130a5ed","424","4"
"D:\Workspace\solo-project-lifecycle\.git\objects\e2\71c534ee1ede99885d92f6fad0962f7004e934","7482","59"
"D:\Workspace\solo-project-lifecycle\.git\objects\e2\de3fbe69bb3f142bdab275186d4cfc8c709f39","69","3"
"D:\Workspace\solo-project-lifecycle\.git\objects\e2\fd451d36305a788c40c0da55bbd43cbe6bfc24","634","10"
"D:\Workspace\solo-project-lifecycle\.git\objects\e3\c266df4e14efcddfb96bc519651687b65d80ac","252","4"
"D:\Workspace\solo-project-lifecycle\.git\objects\e4\561a2ac0d919f05cfc5f1ce93aea2b8395d98f","7123","54"
"D:\Workspace\solo-project-lifecycle\.git\objects\e4\e252e25ba10336e248a86900ecddd58a1861ec","12226","79"
"D:\Workspace\solo-project-lifecycle\.git\objects\e5\35d3a842d2363f00e122b6b3fb3c06e24def5a","12446","115"
"D:\Workspace\solo-project-lifecycle\.git\objects\e5\81d15d11b6ad2270e48e818748e42ade902af5","178","1"
"D:\Workspace\solo-project-lifecycle\.git\objects\e6\aa6d60ab6ed3b3ab74ab2029b19c31bb891e3f","10030","74"
"D:\Workspace\solo-project-lifecycle\.git\objects\e6\b4a6654f9cdc99ed371bae4371dc525ca408c2","253","2"
"D:\Workspace\solo-project-lifecycle\.git\objects\e7\09746232f63c590675062cdca658889d76c4ee","1308","11"
"D:\Workspace\solo-project-lifecycle\.git\objects\e8\6c2e93b77d9a6bc12e6d75f3e8093518a7974a","4468","42"
"D:\Workspace\solo-project-lifecycle\.git\objects\e9\597959404b0e68608af9af1ef84a2db9649355","9050","59"
"D:\Workspace\solo-project-lifecycle\.git\objects\ea\429c4cbbe4da11d632667c8faf4db3a999bc82","833","7"
"D:\Workspace\solo-project-lifecycle\.git\objects\eb\3a0310ecfc84297b951b906e6651e88ebdd397","396","7"
"D:\Workspace\solo-project-lifecycle\.git\objects\ec\2fe731aebf8b38087980e4b14961606d929142","827","8"
"D:\Workspace\solo-project-lifecycle\.git\objects\ec\3bce1a3555770d2e6de9f47d4a76647e95ada5","436","6"
"D:\Workspace\solo-project-lifecycle\.git\objects\ec\90a2e26f54067f58ce6e0e785264a2af0df2c8","588","3"
"D:\Workspace\solo-project-lifecycle\.git\objects\ed\3cdb1ff2a52c2a83965afec01d37f81b17ec16","7061","71"
"D:\Workspace\solo-project-lifecycle\.git\objects\ee\0e327cb07827064c7e052323c0b96b2f24b5c1","67","3"
"D:\Workspace\solo-project-lifecycle\.git\objects\ef\ce2f3f62f71c11d6d26ce698758821758c9037","3193","24"
"D:\Workspace\solo-project-lifecycle\.git\objects\ef\f3c1bd0b9f2a4b9d6581fbe186d7e40e1a14c5","7496","53"
"D:\Workspace\solo-project-lifecycle\.git\objects\f0\455a8b52eca83cd1a7286063b9a485f7e968c2","2391","18"
"D:\Workspace\solo-project-lifecycle\.git\objects\f1\119435da42d4b3636e1096c20db66574fa6b7b","251","7"
"D:\Workspace\solo-project-lifecycle\.git\objects\f1\527cf7dfbbcb0d216dc59328b709e58aba7a38","1337","9"
"D:\Workspace\solo-project-lifecycle\.git\objects\f1\b38a16468ad7a88518bb98fbc57e90265304d8","7163","47"
"D:\Workspace\solo-project-lifecycle\.git\objects\f2\2d705df2b4f9ae5b6ded006f4ab03dd74fa5a1","5852","45"
"D:\Workspace\solo-project-lifecycle\.git\objects\f3\7e16d54798f21611d2dc7d75e95a218fc47777","1260","5"
"D:\Workspace\solo-project-lifecycle\.git\objects\f4\8c995ddacd39e5c7c8cafd59a086f1ba7cec79","1073","14"
"D:\Workspace\solo-project-lifecycle\.git\objects\f5\14d119d75d0200a64d9351c883b269cb66472b","563","5"
"D:\Workspace\solo-project-lifecycle\.git\objects\f5\3244bb3ea0451b5affcd91d2a7d554208f6267","9526","80"
"D:\Workspace\solo-project-lifecycle\.git\objects\f7\41db7d63f7690e28e6944824168f6a6a57bec9","2895","33"
"D:\Workspace\solo-project-lifecycle\.git\objects\f7\fbd11aadc20625a40797a478807625191ca836","830","6"
"D:\Workspace\solo-project-lifecycle\.git\objects\f8\5e4080d02a629891f9b799a0718292ca5d14a3","4400","39"
"D:\Workspace\solo-project-lifecycle\.git\objects\f9\1f602acc87c1fd6b9b1d386ce268c733f2bccc","9600","70"
"D:\Workspace\solo-project-lifecycle\.git\objects\f9\de70aae721ac8c6440927ad06f23f5f88e2d3c","253","1"
"D:\Workspace\solo-project-lifecycle\.git\objects\fa\099394037d61ba4429f7308cbbcb935d884a0e","821","8"
"D:\Workspace\solo-project-lifecycle\.git\objects\fa\2910b370e172814e68c89fdb9e7c79b16ef73a","252","1"
"D:\Workspace\solo-project-lifecycle\.git\objects\fb\a0aa50374fe5d3f32a7ba52228ade9dfd2b73f","20434","147"
"D:\Workspace\solo-project-lifecycle\.git\objects\fb\ddbddb8f431a0633f83f8ea279b5b76c9de281","347","5"
"D:\Workspace\solo-project-lifecycle\.git\objects\fc\5fb198e96599470d291700c62539292adf7765","8733","62"
"D:\Workspace\solo-project-lifecycle\.git\objects\fc\8211ff8b432a65dc65a7b72751e30c9034ea5e","404","6"
"D:\Workspace\solo-project-lifecycle\.git\objects\fc\850103f47b4fc6ed76d2ffb0d8b18336a620e6","4275","41"
"D:\Workspace\solo-project-lifecycle\.git\objects\fd\5425a06f23197524a068d7d8539e8b496e6bfc","207","2"
"D:\Workspace\solo-project-lifecycle\.git\objects\fd\54dfaae59bb62a7f96e0a4349083174c53f397","302","4"
"D:\Workspace\solo-project-lifecycle\.git\objects\fd\f0d8a92378c983233f83a16ba55d98e45f442c","908","9"
"D:\Workspace\solo-project-lifecycle\.git\objects\fd\f48ec41d355145141ce065f4dbf79fc0b09540","253","2"
"D:\Workspace\solo-project-lifecycle\.git\objects\fe\30691b0bc706334b989d81ee14056885595f21","248","1"
"D:\Workspace\solo-project-lifecycle\.git\objects\fe\d7c6284df81a044ddec40401c3b30e1ba00366","6834","47"
"D:\Workspace\solo-project-lifecycle\.git\refs\heads\backup-before-rewrite","41","1"
"D:\Workspace\solo-project-lifecycle\.git\refs\heads\main","41","1"
"D:\Workspace\solo-project-lifecycle\.git\refs\remotes\origin\main","41","1"
"D:\Workspace\solo-project-lifecycle\.git\refs\tags\v1.0.0","41","1"
"D:\Workspace\solo-project-lifecycle\.omo\run-continuation\ses_f09b4b2d1ffegHSNt3gvfOoizB.json","214","10"
"D:\Workspace\solo-project-lifecycle\.omo\run-continuation\ses_f09b4b41effeFpaKH7dYSliMLA.json","214","10"
"D:\Workspace\solo-project-lifecycle\.omo\run-continuation\ses_f09b4b49affeg3pRsOVUt3pKmG.json","214","10"
"D:\Workspace\solo-project-lifecycle\.omo\run-continuation\ses_f09b4b502ffequ2Be48UsDHbeq.json","214","10"
"D:\Workspace\solo-project-lifecycle\.omo\run-continuation\ses_f09b55a2effef9BKm7NTAB4lcD.json","214","10"
"D:\Workspace\solo-project-lifecycle\.omo\run-continuation\ses_f09e1b915ffezsra6j5mVbi4LE.json","214","10"
"D:\Workspace\solo-project-lifecycle\.omo\run-continuation\ses_f0ab7ee85ffepGZEpFTx7zo59r.json","214","10"
"D:\Workspace\solo-project-lifecycle\.omo\run-continuation\ses_f2ea0426cffeCjhfG1RkLk4NRy.json","214","10"
"D:\Workspace\solo-project-lifecycle\.sisyphus\run-continuation\ses_f05c9341dffes1QcmzVMBgVpr8.json","214","10"
"D:\Workspace\solo-project-lifecycle\audit\extensions.json","1046","34"
"D:\Workspace\solo-project-lifecycle\audit\file-inventory.json","227646","3132"
"D:\Workspace\solo-project-lifecycle\audit\file-list.csv","0","486"
"D:\Workspace\solo-project-lifecycle\audit\large-files.json","930","14"
"D:\Workspace\solo-project-lifecycle\modules\00-product-discovery-strategy.md","25440","457"
"D:\Workspace\solo-project-lifecycle\modules\01-idea-feasibility.md","17706","255"
"D:\Workspace\solo-project-lifecycle\modules\02-discovery-scope.md","16437","230"
"D:\Workspace\solo-project-lifecycle\modules\03-legal-sow-charter.md","10849","162"
"D:\Workspace\solo-project-lifecycle\modules\04-uiux-prototyping.md","12611","265"
"D:\Workspace\solo-project-lifecycle\modules\04-uiux-prototyping.md.backup-20261001","60819","1151"
"D:\Workspace\solo-project-lifecycle\modules\04A-design-system-foundation.md","25711","608"
"D:\Workspace\solo-project-lifecycle\modules\05-architecture-specs.md","48136","1031"
"D:\Workspace\solo-project-lifecycle\modules\05B-system-design-infrastructure.md","53003","1539"
"D:\Workspace\solo-project-lifecycle\modules\06-development-execution.md","50001","1022"
"D:\Workspace\solo-project-lifecycle\modules\06B-product-instrumentation.md","14163","322"
"D:\Workspace\solo-project-lifecycle\modules\07-quality-assurance-sit.md","10773","167"
"D:\Workspace\solo-project-lifecycle\modules\08-data-migration-seeding.md","10982","149"
"D:\Workspace\solo-project-lifecycle\modules\09-uat-client-signoff.md","9401","120"
"D:\Workspace\solo-project-lifecycle\modules\10-deployment-production.md","19514","304"
"D:\Workspace\solo-project-lifecycle\modules\11-handover-bast.md","10839","142"
"D:\Workspace\solo-project-lifecycle\modules\12-warranty-sla-retainer.md","10290","150"
"D:\Workspace\solo-project-lifecycle\modules\13-product-operations-iteration.md","30467","547"
"D:\Workspace\solo-project-lifecycle\references\checklists\FEASIBILITY_CRITERIA.md","4411","43"
"D:\Workspace\solo-project-lifecycle\references\checklists\MODUL_01_ACTION_ITEMS_CHECKLIST.md","11210","181"
"D:\Workspace\solo-project-lifecycle\references\checklists\MODUL_02_EVALUATION_CHECKLIST.md","16329","254"
"D:\Workspace\solo-project-lifecycle\references\checklists\REQUIREMENT_ELICITATION_GUIDE.md","5598","51"
"D:\Workspace\solo-project-lifecycle\references\improvements\MODUL_00_IMPROVEMENTS.md","14885","192"
"D:\Workspace\solo-project-lifecycle\references\improvements\MODUL_01_IMPROVEMENTS.md","21772","248"
"D:\Workspace\solo-project-lifecycle\references\improvements\MODUL_02_IMPROVEMENTS.md","20742","330"
"D:\Workspace\solo-project-lifecycle\references\improvements\MODUL_03_IMPROVEMENTS.md","33957","567"
"D:\Workspace\solo-project-lifecycle\references\improvements\MODUL_04_IMPROVEMENTS.md","5684","103"
"D:\Workspace\solo-project-lifecycle\references\improvements\MODUL_05_IMPROVEMENTS.md","15086","321"
"D:\Workspace\solo-project-lifecycle\references\improvements\MODUL_06_IMPROVEMENTS.md","27013","589"
"D:\Workspace\solo-project-lifecycle\references\improvements\MODUL_07_IMPROVEMENTS.md","28286","658"
"D:\Workspace\solo-project-lifecycle\references\improvements\MODUL_08_IMPROVEMENTS.md","26308","623"
"D:\Workspace\solo-project-lifecycle\references\improvements\MODUL_09_IMPROVEMENTS.md","20882","382"
"D:\Workspace\solo-project-lifecycle\references\improvements\MODUL_10_IMPROVEMENTS.md","26189","682"
"D:\Workspace\solo-project-lifecycle\references\improvements\MODUL_11_IMPROVEMENTS.md","20130","414"
"D:\Workspace\solo-project-lifecycle\references\improvements\MODUL_12_IMPROVEMENTS.md","27741","650"
"D:\Workspace\solo-project-lifecycle\references\improvements\MODUL_13_IMPROVEMENTS.md","18082","440"
"D:\Workspace\solo-project-lifecycle\references\playbooks\ai-assisted-development.md","41595","1120"
"D:\Workspace\solo-project-lifecycle\references\playbooks\software-design-patterns.md","85327","2894"
"D:\Workspace\solo-project-lifecycle\references\pm\PM_ANALYTICS_SETUP_GUIDE.md","16993","356"
"D:\Workspace\solo-project-lifecycle\references\pm\PM_COMMUNICATION_GUIDE.md","24589","542"
"D:\Workspace\solo-project-lifecycle\references\pm\PM_CONTINUOUS_IMPROVEMENT_GUIDE.md","20865","535"
"D:\Workspace\solo-project-lifecycle\references\pm\PM_PRIORITIZATION_FRAMEWORKS.md","14920","277"
"D:\Workspace\solo-project-lifecycle\references\pm\PM_TOOLS_SETUP_GUIDE.md","23094","550"
"D:\Workspace\solo-project-lifecycle\references\pm\PM_USER_TESTING_GUIDE.md","12797","208"
"D:\Workspace\solo-project-lifecycle\references\pm\RICE_SCORING_GUIDE.md","1636","34"
"D:\Workspace\solo-project-lifecycle\references\solo\SOLO_ARCHITECTURE_GUIDE.md","4935","63"
"D:\Workspace\solo-project-lifecycle\references\solo\SOLO_DEVELOPMENT_PATTERNS.md","7083","177"
"D:\Workspace\solo-project-lifecycle\references\solo\SOLO_ENGINEERING_STANDARDS.md","8129","176"
"D:\Workspace\solo-project-lifecycle\references\solo\SOLO_UIUX_GUIDE.md","5685","118"
"D:\Workspace\solo-project-lifecycle\references\technical\AI_DEVELOPMENT_TOOLS_COMPARISON.md","22154","442"
"D:\Workspace\solo-project-lifecycle\references\technical\ASSET_MANAGEMENT_GUIDE.md","24907","778"
"D:\Workspace\solo-project-lifecycle\references\technical\DATA_ASSETS_MANAGEMENT.md","20612","707"
"D:\Workspace\solo-project-lifecycle\references\technical\DEEP_RESEARCH_METHODOLOGY.md","29407","596"
"D:\Workspace\solo-project-lifecycle\references\technical\DESIGN_SYSTEM_GUIDE.md","24024","708"
"D:\Workspace\solo-project-lifecycle\references\technical\UI_COMPONENT_ANIMATION_LIBRARY.md","30204","999"
"D:\Workspace\solo-project-lifecycle\templates\01-discovery-commercial\BACKLOG_TEMPLATE.md","12188","223"
"D:\Workspace\solo-project-lifecycle\templates\01-discovery-commercial\COMMUNICATION_PLAN_TEMPLATE.md","14091","274"
"D:\Workspace\solo-project-lifecycle\templates\01-discovery-commercial\COMPETITIVE_LANDSCAPE_TEMPLATE.md","15325","256"
"D:\Workspace\solo-project-lifecycle\templates\01-discovery-commercial\IDEA_BRIEF_TEMPLATE.md","4144","54"
"D:\Workspace\solo-project-lifecycle\templates\01-discovery-commercial\MARKET_RESEARCH_TEMPLATE.md","9871","193"
"D:\Workspace\solo-project-lifecycle\templates\01-discovery-commercial\OKR_TEMPLATE.md","12914","248"
"D:\Workspace\solo-project-lifecycle\templates\01-discovery-commercial\PRODUCT_STRATEGY_TEMPLATE.md","11942","280"
"D:\Workspace\solo-project-lifecycle\templates\01-discovery-commercial\RACI_MATRIX_TEMPLATE.md","11703","194"
"D:\Workspace\solo-project-lifecycle\templates\01-discovery-commercial\RISK_REGISTER_TEMPLATE.md","11537","224"
"D:\Workspace\solo-project-lifecycle\templates\01-discovery-commercial\SCOPE_STATEMENT_TEMPLATE.md","5583","69"
"D:\Workspace\solo-project-lifecycle\templates\01-discovery-commercial\SOW_CONTRACT_CONSOLIDATED_TEMPLATE.md","8835","118"
"D:\Workspace\solo-project-lifecycle\templates\01-discovery-commercial\STAKEHOLDER_MAP_TEMPLATE.md","8287","120"
"D:\Workspace\solo-project-lifecycle\templates\01-discovery-commercial\USER_RESEARCH_REPORT_TEMPLATE.md","23775","436"
"D:\Workspace\solo-project-lifecycle\templates\02-design\AB_TEST_HYPOTHESIS_TEMPLATE.md","5355","122"
"D:\Workspace\solo-project-lifecycle\templates\02-design\claude_desktop_mcp_stitch.json","250","12"
"D:\Workspace\solo-project-lifecycle\templates\02-design\COMPONENT_API_SPEC_TEMPLATE.md","12331","442"
"D:\Workspace\solo-project-lifecycle\templates\02-design\COMPONENT_RFC_TEMPLATE.md","10847","289"
"D:\Workspace\solo-project-lifecycle\templates\02-design\DESIGN_MD_TEMPLATE.md","4170","100"
"D:\Workspace\solo-project-lifecycle\templates\02-design\DESIGN_SPEC_TEMPLATE.md","4783","113"
"D:\Workspace\solo-project-lifecycle\templates\02-design\DESIGN_SYSTEM_AUDIT_TEMPLATE.md","11589","245"
"D:\Workspace\solo-project-lifecycle\templates\02-design\DESIGN_TOKENS_SPEC_TEMPLATE.md","14966","616"
"D:\Workspace\solo-project-lifecycle\templates\02-design\LOGO_DESIGN_BRIEF_TEMPLATE.md","8215","185"
"D:\Workspace\solo-project-lifecycle\templates\02-design\USABILITY_TEST_PLAN_TEMPLATE.md","5451","111"
"D:\Workspace\solo-project-lifecycle\templates\03-architecture-specs\CAPACITY_PLANNING_TEMPLATE.md","15089","367"
"D:\Workspace\solo-project-lifecycle\templates\03-architecture-specs\CODE_REVIEW_PATTERN_CHECKLIST_TEMPLATE.md","11971","321"
"D:\Workspace\solo-project-lifecycle\templates\03-architecture-specs\DESIGN_PATTERN_DECISION_TREE_TEMPLATE.md","6238","193"
"D:\Workspace\solo-project-lifecycle\templates\03-architecture-specs\DISASTER_RECOVERY_PLAN_TEMPLATE.md","17686","445"
"D:\Workspace\solo-project-lifecycle\templates\03-architecture-specs\FSD_TECHNICAL_TEMPLATE.md","9134","169"
"D:\Workspace\solo-project-lifecycle\templates\03-architecture-specs\PRD_FINAL_TEMPLATE.md","5226","78"
"D:\Workspace\solo-project-lifecycle\templates\03-architecture-specs\PROJECT_LITE_TEMPLATE.md","4834","79"
"D:\Workspace\solo-project-lifecycle\templates\03-architecture-specs\SYSTEM_DESIGN_DOC_TEMPLATE.md","11924","313"
"D:\Workspace\solo-project-lifecycle\templates\04-dev-execution\AGENTS_TEMPLATE.md","3108","53"
"D:\Workspace\solo-project-lifecycle\templates\04-dev-execution\AI_CODE_REVIEW_CHECKLIST_TEMPLATE.md","13412","306"
"D:\Workspace\solo-project-lifecycle\templates\04-dev-execution\AI_PROMPT_LIBRARY_TEMPLATE.md","12361","344"
"D:\Workspace\solo-project-lifecycle\templates\04-dev-execution\ARCHITECTURE_TEMPLATE.md","3665","58"
"D:\Workspace\solo-project-lifecycle\templates\04-dev-execution\CONTEXT_TEMPLATE.md","2220","35"
"D:\Workspace\solo-project-lifecycle\templates\04-dev-execution\CONVENTIONS_TEMPLATE.md","2869","45"
"D:\Workspace\solo-project-lifecycle\templates\04-dev-execution\ENV_EXAMPLE_TEMPLATE.md","2195","38"
"D:\Workspace\solo-project-lifecycle\templates\04-dev-execution\RUNBOOK_LOCAL_TEMPLATE.md","2698","60"
"D:\Workspace\solo-project-lifecycle\templates\04-dev-execution\TODO_TEMPLATE.md","3281","33"
"D:\Workspace\solo-project-lifecycle\templates\04-dev-execution\VERIFY_LOCAL_TEMPLATE.md","2968","43"
"D:\Workspace\solo-project-lifecycle\templates\04-dev-execution\root-harness\AGENTS_TEMPLATE.md","3108","53"
"D:\Workspace\solo-project-lifecycle\templates\04-dev-execution\root-harness\ARCHITECTURE_TEMPLATE.md","3665","58"
"D:\Workspace\solo-project-lifecycle\templates\04-dev-execution\root-harness\CONTEXT_TEMPLATE.md","2220","35"
"D:\Workspace\solo-project-lifecycle\templates\04-dev-execution\root-harness\CONVENTIONS_TEMPLATE.md","2869","45"
"D:\Workspace\solo-project-lifecycle\templates\04-dev-execution\root-harness\DESIGN_MD_TEMPLATE.md","4170","100"
"D:\Workspace\solo-project-lifecycle\templates\04-dev-execution\root-harness\ENV_EXAMPLE_TEMPLATE.md","2195","38"
"D:\Workspace\solo-project-lifecycle\templates\04-dev-execution\root-harness\README.md","904","23"
"D:\Workspace\solo-project-lifecycle\templates\04-dev-execution\root-harness\TODO_TEMPLATE.md","3281","33"
"D:\Workspace\solo-project-lifecycle\templates\05-data-migration\DATA_MIGRATION_PLAN_TEMPLATE.md","3255","50"
"D:\Workspace\solo-project-lifecycle\templates\05-data-migration\RECONCILIATION_REPORT_TEMPLATE.md","3019","41"
"D:\Workspace\solo-project-lifecycle\templates\06-qa-uat\SECURITY_AUDIT_TEMPLATE.md","3741","45"
"D:\Workspace\solo-project-lifecycle\templates\06-qa-uat\SIT_WORKBOOK_TEMPLATE.md","5704","90"
"D:\Workspace\solo-project-lifecycle\templates\06-qa-uat\UAT_SIGNOFF_TEMPLATE.md","2957","37"
"D:\Workspace\solo-project-lifecycle\templates\06-qa-uat\UAT_WORKBOOK_TEMPLATE.md","5545","91"
"D:\Workspace\solo-project-lifecycle\templates\07-release-handover\BAST_TEMPLATE.md","3523","43"
"D:\Workspace\solo-project-lifecycle\templates\07-release-handover\DEPLOYMENT_PROTOCOL_TEMPLATE.md","5788","98"
"D:\Workspace\solo-project-lifecycle\templates\07-release-handover\HANDOVER_PROTOCOL_TEMPLATE.md","2775","35"
"D:\Workspace\solo-project-lifecycle\templates\07-release-handover\ROLLBACK_PLAN_TEMPLATE.md","2532","38"
"D:\Workspace\solo-project-lifecycle\templates\07-release-handover\USER_MANUAL_TEMPLATE.md","3050","49"
"D:\Workspace\solo-project-lifecycle\templates\08-maintenance-ops\INCIDENT_RESPONSE_TEMPLATE.md","2817","40"
"D:\Workspace\solo-project-lifecycle\templates\08-maintenance-ops\SLA_RETAINER_CONTRACT_TEMPLATE.md","4532","59"
"D:\Workspace\solo-project-lifecycle\templates\08-maintenance-ops\WARRANTY_POLICY_TEMPLATE.md","3257","37"
"D:\Workspace\solo-project-lifecycle\templates\09-product-growth\AB_TEST_REPORT_TEMPLATE.md","13477","311"
"D:\Workspace\solo-project-lifecycle\templates\09-product-growth\ANALYTICS_IMPLEMENTATION_PLAN_TEMPLATE.md","10554","277"
"D:\Workspace\solo-project-lifecycle\templates\09-product-growth\BLOG_CONTENT_GUIDE.md","12544","330"
"D:\Workspace\solo-project-lifecycle\templates\09-product-growth\DASHBOARD_SPEC_TEMPLATE.md","9410","182"
"D:\Workspace\solo-project-lifecycle\templates\09-product-growth\EMAIL_TEMPLATES.md","11425","303"
"D:\Workspace\solo-project-lifecycle\templates\09-product-growth\EVENT_TAXONOMY_TEMPLATE.md","6864","116"
"D:\Workspace\solo-project-lifecycle\templates\09-product-growth\GROWTH_EXPERIMENTS_BACKLOG_TEMPLATE.md","10300","223"
"D:\Workspace\solo-project-lifecycle\templates\09-product-growth\GTM_STRATEGY_TEMPLATE.md","12141","262"
"D:\Workspace\solo-project-lifecycle\templates\09-product-growth\METRICS_BASELINE_REPORT_TEMPLATE.md","11010","217"
"D:\Workspace\solo-project-lifecycle\templates\09-product-growth\PRODUCT_HEALTH_DASHBOARD_TEMPLATE.md","14103","311"
"D:\Workspace\solo-project-lifecycle\templates\archive\commercial\PROJECT_CHARTER_TEMPLATE.md","3434","59"
"D:\Workspace\solo-project-lifecycle\templates\archive\commercial\SOW_CONTRACT_TEMPLATE.md","6050","70"
"D:\Workspace\solo-project-lifecycle\templates\archive\deploy\DEPLOYMENT_RUNBOOK_TEMPLATE.md","3144","58"
"D:\Workspace\solo-project-lifecycle\templates\archive\deploy\GO_LIVE_REPORT_TEMPLATE.md","2579","35"
"D:\Workspace\solo-project-lifecycle\templates\archive\orphans\BRAND_GUIDELINES_TEMPLATE.md","13069","465"
"D:\Workspace\solo-project-lifecycle\templates\archive\orphans\DESIGN_SYSTEM_TEMPLATE.md","7028","111"
"D:\Workspace\solo-project-lifecycle\templates\archive\orphans\PRODUCT_ROADMAP_TEMPLATE.md","7971","131"
"D:\Workspace\solo-project-lifecycle\templates\archive\orphans\STITCH_PROJECT_STRUCTURE.md","17429","361"
"D:\Workspace\solo-project-lifecycle\templates\archive\orphans\STITCH_PROMPT_TEMPLATE.txt","8737","145"
"D:\Workspace\solo-project-lifecycle\templates\archive\qa\SIT_REPORT_TEMPLATE.md","2853","47"
"D:\Workspace\solo-project-lifecycle\templates\archive\qa\TEST_PLAN_SIT_TEMPLATE.md","2729","38"
"D:\Workspace\solo-project-lifecycle\templates\archive\uat\UAT_DEFECT_LOG_TEMPLATE.md","2117","29"
"D:\Workspace\solo-project-lifecycle\templates\archive\uat\UAT_SCENARIOS_TEMPLATE.md","3045","53"
